component,variant,network,n_nodes,n_edges,n_candidates,median_ms,iqr_ms,per_item_ms,n_warmup,n_repeats,params
simulator,shift_topo,shift_0,22,53,18,6.52565,1.16237,6.52565,8,8,
simulator,shift_topo,shift_1,22,48,18,5.654,0.72515,5.654,8,8,
simulator,shift_size,large_0,44,124,36,15.1831,4.01705,15.1831,8,8,
surrogate_single,shift_topo,shift_0,22,53,18,8.40225,3.5828,8.40225,8,8,24200
surrogate_batched_all_candidates,shift_topo,shift_0,22,53,18,15.1849,2.2081,0.843606,8,8,24200
surrogate_single,shift_topo,shift_1,22,48,18,8.63155,3.15973,8.63155,8,8,24200
surrogate_batched_all_candidates,shift_topo,shift_1,22,48,18,15.3262,2.6443,0.851458,8,8,24200
surrogate_single,shift_size,large_0,44,124,36,9.27465,1.36225,9.27465,8,8,24200
surrogate_batched_all_candidates,shift_size,large_0,44,124,36,47.288,2.52328,1.31355,8,8,24200
