split,scenario_id,net_id,demand_node,truth,sigma,pred_surrogate_ensemble,pred_surrogate_single,pred_mlp_no_message_passing,pred_tabular_gbt,pred_tabular_ridge,pred_retrieval_knn,pred_topology_heuristic
train,8,0,18,0,0.231206,0.0778993,0.0712724,0.0741648,0,0.00686534,0,0.746911
train,8,0,19,0,0.231507,0.0778849,0.0712022,0.0740756,0,0.0700274,0,0.746911
train,8,0,20,0,0.231239,0.0779058,0.0712767,0.0742177,0,0.0193724,0,0.746911
train,8,0,21,0,0.231194,0.0779895,0.0712574,0.074156,0,0.00367147,0,0.746911
train,9,0,18,0,0.231284,0.0778963,0.071269,0.0741648,0,0.0120709,0,1.24736
train,9,0,19,0.0671745,0.232303,0.0792642,0.0735647,0.073906,0,0.0263419,0.0671746,1.24736
train,9,0,20,0,0.231268,0.0779015,0.0712638,0.0742177,0,0.024578,0,1.24736
train,9,0,21,0,0.232037,0.0793316,0.0733841,0.0739373,0,0,8.22463e-08,1.24736
train,10,0,18,0,0.231799,0.0789838,0.0727373,0.0739604,0,0.0585842,0,1.18816
train,10,0,19,0,0.23156,0.0778735,0.0711824,0.0740756,0,0.0978426,2.14605e-07,1.18816
train,10,0,20,0,0.231722,0.0787967,0.072507,0.0740092,0,0.0710913,0,1.18816
train,10,0,21,0,0.231238,0.0779892,0.0712531,0.074156,0,0.0314866,0.000135964,1.18816
train,11,0,18,0,0.231206,0.0778993,0.0712724,0.0741648,0,0,0,1.15668
train,11,0,19,0,0.231507,0.0778849,0.0712022,0.0740756,0,0.00879058,0,1.15668
train,11,0,20,0,0.231239,0.0779058,0.0712767,0.0742177,0,0,0,1.15668
train,11,0,21,0,0.231194,0.0779895,0.0712574,0.074156,0,0,0,1.15668
train,12,0,18,0,0.231206,0.0778993,0.0712724,0.0741648,0,0.022771,0,1.15668
train,12,0,19,0,0.231507,0.0778849,0.0712022,0.0740756,0,0.0859331,0,1.15668
train,12,0,20,0,0.231239,0.0779058,0.0712767,0.0742177,0,0.0352781,0,1.15668
train,12,0,21,0,0.231194,0.0779895,0.0712574,0.074156,0,0.0195772,0,1.15668
train,13,0,18,0,0.231823,0.0790968,0.0728769,0.0739681,0,0.0254756,0,1.18816
train,13,0,19,0.100744,0.231554,0.0778745,0.0711833,0.0740756,0,0.0705609,0.100744,1.18816
train,13,0,20,0,0.231731,0.0789032,0.0726825,0.0740059,0,0.0379827,0,1.18816
train,13,0,21,0,0.231232,0.0779932,0.0712532,0.074156,0,0.00420498,3.13911e-08,1.18816
train,14,0,18,0,0.231206,0.0778993,0.0712724,0.0741648,0,0.0616922,0.000159043,0.4651
train,14,0,19,0.156756,0.231507,0.0778849,0.0712022,0.0740756,0,0.124854,0.155705,0.4651
train,14,0,20,0,0.231239,0.0779058,0.0712767,0.0742177,0,0.0741993,0.000182369,0.4651
train,14,0,21,0,0.231194,0.0779895,0.0712574,0.074156,0,0.0584984,0.000189068,0.4651
train,15,0,18,0,0.231739,0.0789102,0.0725596,0.0739813,0,0.096691,0,1.18816
train,15,0,19,0.250355,0.231561,0.077876,0.0711867,0.0740756,0,0.117781,0.250355,1.18816
train,15,0,20,0,0.231626,0.0787275,0.0723976,0.0740256,0,0.109198,0,1.18816
train,15,0,21,0,0.231237,0.0779931,0.0712581,0.074156,0,0.0514254,1.06221e-07,1.18816
train,16,0,18,0,0.231206,0.0778993,0.0712724,0.0741648,0,0,0,1.18816
train,16,0,19,0,0.231507,0.0778849,0.0712022,0.0740756,0,0.00304626,0.000188136,1.18816
train,16,0,20,0,0.231239,0.0779058,0.0712767,0.0742177,0,0,0,1.18816
train,16,0,21,0,0.231194,0.0779895,0.0712574,0.074156,0,0,0,1.18816
train,17,0,18,0,0.231206,0.0778993,0.0712724,0.0741648,0,0,0,0.4651
train,17,0,19,0,0.231507,0.0778849,0.0712022,0.0740756,0,0.0453558,4.16433e-08,0.4651
train,17,0,20,0,0.231239,0.0779058,0.0712767,0.0742177,0,0,0,0.4651
train,17,0,21,0,0.231194,0.0779895,0.0712574,0.074156,0,0,0,0.4651
train,18,0,18,0,0.231206,0.0778993,0.0712724,0.0741648,0,0,0,0.838214
train,18,0,19,0,0.231507,0.0778849,0.0712022,0.0740756,0,0.012758,0,0.838214
train,18,0,20,0,0.231239,0.0779058,0.0712767,0.0742177,0,0,0,0.838214
train,18,0,21,0,0.231194,0.0779895,0.0712574,0.074156,0,0,0,0.838214
train,19,0,18,0,0.231206,0.0778993,0.0712724,0.0741648,0,0,0,0.0879797
train,19,0,19,0,0.231507,0.0778849,0.0712022,0.0740756,0,0.0406986,0,0.0879797
train,19,0,20,0,0.231239,0.0779058,0.0712767,0.0742177,0,0,0,0.0879797
train,19,0,21,0,0.231194,0.0779895,0.0712574,0.074156,0,0,0,0.0879797
train,20,0,18,0,0.231311,0.077893,0.0712694,0.0741648,0,0.0653562,0,1.24736
train,20,0,19,0.424512,0.232228,0.0793284,0.0733673,0.0739131,0,0.190297,0.424511,1.24736
train,20,0,20,0,0.231284,0.0778935,0.0712591,0.0742177,0,0.0778633,0,1.24736
train,20,0,21,0,0.232043,0.0793894,0.0731831,0.0739413,0,0.123941,0.000363166,1.24736
train,21,0,18,0,0.231206,0.0778993,0.0712724,0.0741648,0,0,0,0
train,21,0,19,0,0.231507,0.0778849,0.0712022,0.0740756,0,0.0423271,0,0
train,21,0,20,0,0.231239,0.0779058,0.0712767,0.0742177,0,0,0,0
train,21,0,21,0,0.231194,0.0779895,0.0712574,0.074156,0,0,0,0
train,22,0,18,0,0.231206,0.0778993,0.0712724,0.0741648,0,0,0,0.746911
train,22,0,19,0,0.231507,0.0778849,0.0712022,0.0740756,0,0.0504848,0,0.746911
train,22,0,20,0,0.231239,0.0779058,0.0712767,0.0742177,0,0,0,0.746911
train,22,0,21,0,0.231194,0.0779895,0.0712574,0.074156,0,0,0,0.746911
train,23,0,18,0,0.231309,0.077898,0.0712746,0.0741648,0,0.0122445,0,1.24736
train,23,0,19,0.244847,0.2324,0.079467,0.0737155,0.0739103,0,0.0855553,0.244847,1.24736
train,23,0,20,0,0.23128,0.077902,0.071265,0.0742177,0,0.0247516,0,1.24736
train,23,0,21,0,0.232137,0.0795012,0.0735068,0.0739397,0,0.0191994,2.00329e-07,1.24736
train,24,0,18,0,0.231206,0.0778991,0.0712735,0.0741648,0,0,0,0.399613
train,24,0,19,0,0.231506,0.0778848,0.0712029,0.0740756,0,0.0429825,0,0.399613
train,24,0,20,0,0.231239,0.077906,0.0712783,0.0742177,0,0,0,0.399613
train,24,0,21,0,0.231193,0.0779898,0.0712592,0.074156,0,0,0,0.399613
train,25,0,18,0,0.231206,0.0778993,0.0712724,0.0741648,0,0,0,0.0879797
train,25,0,19,0,0.231507,0.0778849,0.0712022,0.0740756,0,0.00255329,0,0.0879797
train,25,0,20,0,0.231239,0.0779058,0.0712767,0.0742177,0,0,0,0.0879797
train,25,0,21,0,0.231194,0.0779895,0.0712574,0.074156,0,0,0,0.0879797
train,26,0,18,0,0.231206,0.0778987,0.0712727,0.0741648,0,0.00134798,1.98689e-08,3.71208
train,26,0,19,0.0758788,0.231507,0.0778849,0.0712024,0.0740756,0,0.06451,0.0758787,3.71208
train,26,0,20,0,0.231238,0.0779054,0.0712773,0.0742177,0,0.0138551,2.27951e-08,3.71208
train,26,0,21,0,0.231194,0.0779885,0.0712574,0.074156,0,0,2.36433e-08,3.71208
train,27,0,18,0,0.231275,0.0778726,0.071256,0.0741648,0,0,0,3.1566
train,27,0,19,0.0720137,0.231928,0.0796586,0.0732411,0.0740296,0,0.0692169,0.0720137,3.1566
train,27,0,20,0,0.231287,0.0778744,0.0712633,0.0742177,0,0.000292182,0,3.1566
train,27,0,21,0,0.231231,0.0779568,0.0712549,0.074156,0,0,0,3.1566
train,28,0,18,0,0.231206,0.0778993,0.0712724,0.0741648,0,0,6.17691e-10,0
train,28,0,19,0.00235894,0.231507,0.0778849,0.0712022,0.0740756,0,0.0136915,0.00235897,0
train,28,0,20,0,0.231239,0.0779058,0.0712767,0.0742177,0,0,7.08662e-10,0
train,28,0,21,0,0.231194,0.0779895,0.0712574,0.074156,0,0,7.35029e-10,0
train,29,0,18,0,0.231275,0.0779055,0.0712809,0.0741648,0,0,0,2.53586
train,29,0,19,0,0.231795,0.0779402,0.0713251,0.0740756,0,0.0596415,0,2.53586
train,29,0,20,0,0.231263,0.0778983,0.0712743,0.0742177,0,0.00898653,0,2.53586
train,29,0,21,0,0.232092,0.0796482,0.0735851,0.0740291,0,0,1.1544e-08,2.53586
train,38,1,18,0,0.231537,0.0780107,0.0712898,0.0740197,0,0.0453482,0,2.2346
train,38,1,19,0,0.231582,0.0780467,0.0713296,0.074006,0,0.0384752,0,2.2346
train,38,1,20,0,0.231647,0.078069,0.0713272,0.0740001,0,0.0286617,0,2.2346
train,38,1,21,0,0.231225,0.0778749,0.0712153,0.0742057,0,0,0,2.2346
train,39,1,18,0,0.231537,0.0780107,0.0712898,0.0740197,0,0.0277785,0,2.77931
train,39,1,19,0,0.231582,0.0780467,0.0713296,0.074006,0,0.0209056,0,2.77931
train,39,1,20,0,0.231647,0.078069,0.0713272,0.0740001,0,0.011092,0,2.77931
train,39,1,21,0,0.231225,0.0778749,0.0712153,0.0742057,0,0,0,2.77931
train,40,1,18,0.00855551,0.231536,0.0780104,0.0712898,0.0740197,0,0.00882987,0.0085555,2.98323
train,40,1,19,0.0148402,0.231581,0.0780463,0.0713294,0.074006,0,0.00195692,0.0148401,2.98323
train,40,1,20,0,0.231646,0.0780686,0.071327,0.0740001,0,0,1.85069e-08,2.98323
train,40,1,21,0,0.231226,0.0778749,0.071216,0.0742057,0,0,6.79173e-09,2.98323
train,41,1,18,0,0.231537,0.0780107,0.0712898,0.0740197,0,0.00623684,0,2.98323
train,41,1,19,0,0.231582,0.0780467,0.0713296,0.074006,0,0,0,2.98323
train,41,1,20,0,0.231647,0.078069,0.0713272,0.0740001,0,0,0,2.98323
train,41,1,21,0,0.231225,0.0778749,0.0712153,0.0742057,0,0,0,2.98323
train,42,1,18,0,0.231537,0.0780107,0.0712898,0.0740197,0,0.00392729,0,0
train,42,1,19,0,0.231582,0.0780467,0.0713296,0.074006,0,0,0,0
train,42,1,20,0,0.231647,0.078069,0.0713272,0.0740001,0,0,0,0
train,42,1,21,0,0.231225,0.0778749,0.0712153,0.0742057,0,0,0,0
train,43,1,18,0,0.231756,0.0780326,0.0713328,0.0740197,0,0,0,2.76588
train,43,1,19,0,0.231761,0.0780632,0.0713548,0.074006,0,0,0,2.76588
train,43,1,20,0,0.232084,0.0781432,0.0714691,0.0740001,0,0,8.56996e-06,2.76588
train,43,1,21,0,0.231299,0.0778765,0.0712105,0.0742057,0,0,0,2.76588
train,44,1,18,0,0.231537,0.0780107,0.0712898,0.0740197,0,0.0631938,0.000113529,2.94794
train,44,1,19,0,0.231582,0.0780467,0.0713296,0.074006,0,0.0563209,6.49096e-09,2.94794
train,44,1,20,0,0.231647,0.078069,0.0713272,0.0740001,0,0.0465073,8.94797e-08,2.94794
train,44,1,21,0,0.231225,0.0778749,0.0712153,0.0742057,0,0.000920106,0,2.94794
train,45,1,18,0,0.231537,0.0780107,0.0712898,0.0740197,0,0.0250346,0,2.94267
train,45,1,19,0,0.231582,0.0780467,0.0713296,0.074006,0,0.0181617,0,2.94267
train,45,1,20,0,0.231647,0.078069,0.0713272,0.0740001,0,0.00834811,8.21948e-08,2.94267
train,45,1,21,0,0.231225,0.0778749,0.0712153,0.0742057,0,0,0,2.94267
train,46,1,18,0.0135553,0.232034,0.0781363,0.0715184,0.0740197,0,0.0487116,0.0135552,2.28934
train,46,1,19,0,0.232104,0.078179,0.0715682,0.074006,0,0.0418386,9.82652e-05,2.28934
train,46,1,20,0,0.231875,0.0780932,0.0713558,0.0740001,0,0.032025,3.63597e-05,2.28934
train,46,1,21,0,0.231293,0.077864,0.0711797,0.0742057,0,0,1.10324e-05,2.28934
train,47,1,18,0,0.231537,0.0780107,0.0712898,0.0740197,0,0.030631,0,3.13296
train,47,1,19,0,0.231582,0.0780467,0.0713296,0.074006,0,0.023758,0,3.13296
train,47,1,20,0,0.231647,0.078069,0.0713272,0.0740001,0,0.0139444,0,3.13296
train,47,1,21,0,0.231225,0.0778749,0.0712153,0.0742057,0,0,0,3.13296
train,48,1,18,0,0.231751,0.0780281,0.0713298,0.0740197,0,0.0300715,0,2.76588
train,48,1,19,0,0.231758,0.0780563,0.0713523,0.074006,0,0.0231985,0,2.76588
train,48,1,20,0,0.232079,0.0781434,0.0714687,0.0740001,0,0.013385,1.88729e-09,2.76588
train,48,1,21,0,0.231296,0.0778697,0.0712077,0.0742057,0,0,0,2.76588
train,49,1,18,0.439789,0.232539,0.0797519,0.0737779,0.0738731,0,0.33535,0.438731,2.20631
train,49,1,19,0.38634,0.232614,0.0798228,0.0738559,0.0738648,0,0.328477,0.386332,2.20631
train,49,1,20,0.363623,0.231841,0.0780778,0.0713585,0.0740001,0,0.244081,0.363622,2.20631
train,49,1,21,0.304612,0.231768,0.0789726,0.0725679,0.0739926,0,0.273076,0.304305,2.20631
train,50,1,18,0,0.231537,0.0780107,0.0712898,0.0740197,0,0.0396907,0,2.80344
train,50,1,19,0,0.231582,0.0780467,0.0713296,0.074006,0,0.0328177,0,2.80344
train,50,1,20,0,0.231647,0.078069,0.0713272,0.0740001,0,0.0230042,0,2.80344
train,50,1,21,0,0.231225,0.0778749,0.0712153,0.0742057,0,0,0,2.80344
train,51,1,18,0,0.231537,0.0780107,0.0712898,0.0740197,0,0.0493844,5.16966e-08,2.94794
train,51,1,19,0,0.231582,0.0780467,0.0713296,0.074006,0,0.0425114,7.43166e-08,2.94794
train,51,1,20,0,0.231647,0.078069,0.0713272,0.0740001,0,0.0326978,1.95329e-07,2.94794
train,51,1,21,0,0.231225,0.0778749,0.0712153,0.0742057,0,0,0,2.94794
train,52,1,18,0,0.232035,0.07814,0.0715205,0.0740197,0,0.0405146,4.14567e-05,2.28934
train,52,1,19,0,0.232106,0.0781826,0.0715704,0.074006,0,0.0336416,4.30883e-05,2.28934
train,52,1,20,0.00621736,0.231874,0.0780979,0.0713567,0.0740001,0,0.023828,0.00616655,2.28934
train,52,1,21,0,0.231294,0.0778658,0.071179,0.0742057,0,0,1.50629e-05,2.28934
train,53,1,18,0.602224,0.232351,0.079324,0.0734064,0.0738757,0,0.319055,0.599983,2.20631
train,53,1,19,0.477501,0.232441,0.0793947,0.0734868,0.0738662,0,0.312182,0.477501,2.20631
train,53,1,20,0.582331,0.231805,0.0780779,0.071356,0.0740001,0,0.275128,0.58233,2.20631
train,53,1,21,0.223798,0.231549,0.0785855,0.0722098,0.0740197,0,0.256781,0.224266,2.20631
train,54,1,18,0.230668,0.231766,0.0780176,0.0713363,0.0740197,0,0.182172,0.229886,2.94267
train,54,1,19,0.0255727,0.231819,0.0780584,0.0713758,0.074006,0,0.175299,0.0255733,2.94267
train,54,1,20,0.317077,0.232775,0.0798235,0.0740935,0.073851,0,0.199187,0.317077,2.94267
train,54,1,21,0,0.231315,0.0778631,0.0712193,0.0742057,0,0.119898,3.07961e-07,2.94267
train,55,1,18,0,0.231537,0.0780107,0.0712898,0.0740197,0,0.0814897,0.000284653,2.94794
train,55,1,19,0,0.231582,0.0780467,0.0713296,0.074006,0,0.0746167,1.52021e-07,2.94794
train,55,1,20,0,0.231647,0.078069,0.0713272,0.0740001,0,0.0648031,2.27248e-07,2.94794
train,55,1,21,0,0.231225,0.0778749,0.0712153,0.0742057,0,0.0192159,0,2.94794
train,56,1,18,0,0.231537,0.0780107,0.0712898,0.0740197,0,0.0437031,0,0
train,56,1,19,0,0.231582,0.0780467,0.0713296,0.074006,0,0.0368301,0,0
train,56,1,20,0,0.231647,0.078069,0.0713272,0.0740001,0,0.0270166,0,0
train,56,1,21,0,0.231225,0.0778749,0.0712153,0.0742057,0,0,0,0
train,57,1,18,0.204392,0.232609,0.0795699,0.0739075,0.0738748,0,0.196198,0.205339,2.20631
train,57,1,19,0.206941,0.232694,0.0796359,0.0739923,0.0738668,0,0.189325,0.206942,2.20631
train,57,1,20,0.133817,0.2318,0.0780795,0.0713502,0.0740001,0,0.207218,0.133818,2.20631
train,57,1,21,0,0.231668,0.0787923,0.0725909,0.0739969,0,0.133925,0.00242415,2.20631
train,58,1,18,0,0.231536,0.0780109,0.0712899,0.0740197,0,0.0445745,7.61635e-09,3.39891
train,58,1,19,0,0.231581,0.0780469,0.0713295,0.074006,0,0.0377015,7.65852e-09,3.39891
train,58,1,20,0,0.231645,0.0780686,0.071327,0.0740001,0,0.0278879,7.06364e-09,3.39891
train,58,1,21,0,0.231226,0.0778753,0.0712163,0.0742057,0,0,5.09756e-09,3.39891
train,59,1,18,0,0.231537,0.0780107,0.0712898,0.0740197,0,0.0128434,0,3.39891
train,59,1,19,0,0.231582,0.0780467,0.0713296,0.074006,0,0.00597043,0,3.39891
train,59,1,20,0,0.231647,0.078069,0.0713272,0.0740001,0,0,0,3.39891
train,59,1,21,0,0.231225,0.0778749,0.0712153,0.0742057,0,0,0,3.39891
train,68,2,18,0,0.231229,0.0778403,0.0712108,0.0742148,0,0,5.85833e-05,2.95121
train,68,2,19,0,0.231426,0.0778711,0.0711739,0.0740959,0,0.0678665,2.03382e-07,2.95121
train,68,2,20,0,0.23118,0.0779325,0.0712093,0.0741694,0,0,0,2.95121
train,68,2,21,0,0.231267,0.0782523,0.0713976,0.0740322,0,0,0.000122461,2.95121
train,69,2,18,0,0.231229,0.0778403,0.0712108,0.0742148,0,0,5.92248e-05,2.90316
train,69,2,19,0,0.231426,0.0778711,0.0711739,0.0740959,0,0.06787,2.0683e-07,2.90316
train,69,2,20,0,0.23118,0.0779325,0.0712093,0.0741694,0,0,0,2.90316
train,69,2,21,0,0.231267,0.0782523,0.0713976,0.0740322,0,0,4.89896e-08,2.90316
train,70,2,18,0,0.231298,0.0778556,0.0712343,0.0742148,0,0,4.82969e-08,3.03065
train,70,2,19,0.169747,0.231669,0.0779149,0.0712571,0.0740959,0,0.0815056,0.169747,3.03065
train,70,2,20,0,0.231307,0.0779459,0.0712472,0.0741694,0,0,5.0601e-08,3.03065
train,70,2,21,0,0.231446,0.0783097,0.0714591,0.0740322,0,0.0054653,0.000211303,3.03065
train,71,2,18,0,0.231734,0.0788262,0.0725368,0.0740038,0,0.152125,1.39496e-07,2.43093
train,71,2,19,0.338124,0.232142,0.0791949,0.0732556,0.0739241,0,0.239096,0.338123,2.43093
train,71,2,20,0,0.231921,0.0791812,0.0729349,0.0739477,0,0.144115,1.4542e-07,2.43093
train,71,2,21,0.247959,0.231528,0.078266,0.0714743,0.0740322,0,0.107748,0.247958,2.43093
train,72,2,18,0,0.231621,0.0786434,0.0724435,0.0740175,0,0.0579528,1.33852e-07,2.43093
train,72,2,19,0.202446,0.232123,0.0790413,0.0732124,0.0739344,0,0.144925,0.202446,2.43093
train,72,2,20,0,0.231832,0.0789906,0.0728691,0.0739611,0,0.0499429,1.38826e-07,2.43093
train,72,2,21,0.00499225,0.231434,0.0782624,0.071446,0.0740322,0,0.0910803,0.00499245,2.43093
train,73,2,18,0,0.231229,0.0778403,0.0712108,0.0742148,0,0,0,2.21738
train,73,2,19,0,0.231426,0.077871,0.0711739,0.0740959,0,0.0566846,3.91855e-10,2.21738
train,73,2,20,0,0.23118,0.0779325,0.0712093,0.0741694,0,0,0,2.21738
train,73,2,21,0,0.231267,0.0782523,0.0713976,0.0740322,0,0,0,2.21738
train,74,2,18,0,0.231229,0.0778403,0.0712108,0.0742148,0,0,0,2.28267
train,74,2,19,0,0.231426,0.0778711,0.0711739,0.0740959,0,0.061504,2.25833e-07,2.28267
train,74,2,20,0,0.23118,0.0779325,0.0712093,0.0741694,0,0,0,2.28267
train,74,2,21,0,0.231267,0.0782523,0.0713976,0.0740322,0,0,0,2.28267
train,75,2,18,0,0.231813,0.0789757,0.0728734,0.0739933,0,0.0508504,0.000508458,2.43093
train,75,2,19,0.187017,0.232354,0.0793688,0.0736111,0.073924,0,0.137822,0.187017,2.43093
train,75,2,20,0,0.232021,0.0793181,0.0732744,0.0739481,0,0.0428405,1.36433e-07,2.43093
train,75,2,21,0.049252,0.231512,0.0782773,0.0714752,0.0740322,0,0.0556143,0.0492521,2.43093
train,76,2,18,0.1055,0.231242,0.0778285,0.0711994,0.0742148,0,0.193013,0.105823,2.90316
train,76,2,19,0.703731,0.231449,0.0778635,0.07117,0.0740959,0,0.279985,0.70373,2.90316
train,76,2,20,0.303973,0.23123,0.0779191,0.071206,0.0741694,0,0.185003,0.303972,2.90316
train,76,2,21,0.178279,0.232089,0.0795494,0.0732306,0.0738787,0,0.263906,0.178279,2.90316
train,77,2,18,0,0.231229,0.0778403,0.0712108,0.0742148,0,0,0,2.3405
train,77,2,19,0,0.231426,0.077871,0.0711739,0.0740959,0,0.0636887,0,2.3405
train,77,2,20,0,0.23118,0.0779325,0.0712093,0.0741694,0,0,0,2.3405
train,77,2,21,0,0.231267,0.0782523,0.0713976,0.0740322,0,0,0,2.3405
train,78,2,18,0,0.231366,0.077855,0.0712394,0.0742148,0,0,4.01847e-08,1.99205
train,78,2,19,0.108956,0.231709,0.077923,0.0712771,0.0740959,0,0.0538466,0.108956,1.99205
train,78,2,20,0,0.23141,0.0779644,0.071269,0.0741694,0,0,4.18319e-08,1.99205
train,78,2,21,0,0.231499,0.0783026,0.0714721,0.0740322,0,0,3.30046e-08,1.99205
train,79,2,18,0,0.231229,0.0778403,0.0712108,0.0742148,0,0,0,2.3405
train,79,2,19,0,0.231426,0.077871,0.0711739,0.0740959,0,0.0767139,0,2.3405
train,79,2,20,0,0.23118,0.0779325,0.0712093,0.0741694,0,0,0,2.3405
train,79,2,21,0,0.231267,0.0782523,0.0713976,0.0740322,0,0.000673652,0,2.3405
train,80,2,18,0,0.231229,0.0778403,0.0712108,0.0742148,0,0,0,2.28267
train,80,2,19,0,0.231426,0.0778711,0.0711739,0.0740959,0,0.0325087,6.92253e-08,2.28267
train,80,2,20,0,0.23118,0.0779325,0.0712093,0.0741694,0,0,0,2.28267
train,80,2,21,0,0.231267,0.0782523,0.0713976,0.0740322,0,0,0,2.28267
train,81,2,18,0,0.231229,0.0778403,0.0712108,0.0742148,0,0,0,2.92155
train,81,2,19,0,0.231426,0.077871,0.0711739,0.0740959,0,0.0242087,0,2.92155
train,81,2,20,0,0.23118,0.0779325,0.0712093,0.0741694,0,0,0,2.92155
train,81,2,21,0,0.231267,0.0782523,0.0713976,0.0740322,0,0,0,2.92155
train,82,2,18,0,0.231229,0.0778403,0.0712108,0.0742148,0,0,1.9423e-08,1.91138
train,82,2,19,0,0.231426,0.0778711,0.0711739,0.0740959,0,0.0745203,2.18006e-07,1.91138
train,82,2,20,0,0.23118,0.0779325,0.0712093,0.0741694,0,0,5.59623e-08,1.91138
train,82,2,21,0,0.231267,0.0782523,0.0713976,0.0740322,0,0,0,1.91138
train,83,2,18,0,0.231229,0.0778403,0.0712108,0.0742148,0,0,0,2.91947
train,83,2,19,0,0.231426,0.077871,0.0711739,0.0740959,0,0.000511706,1.19506e-07,2.91947
train,83,2,20,0,0.23118,0.0779325,0.0712093,0.0741694,0,0,0,2.91947
train,83,2,21,0,0.231267,0.0782523,0.0713976,0.0740322,0,0,6.71876e-08,2.91947
train,84,2,18,0,0.231229,0.0778403,0.0712108,0.0742148,0,0,0,0
train,84,2,19,0,0.231426,0.0778711,0.0711739,0.0740959,0,0.0608813,0,0
train,84,2,20,0,0.23118,0.0779325,0.0712093,0.0741694,0,0,0,0
train,84,2,21,0,0.231267,0.0782523,0.0713976,0.0740322,0,0,0,0
train,85,2,18,0,0.231907,0.0794382,0.073069,0.0740816,0,0.0152479,8.52369e-09,3.03065
train,85,2,19,0,0.231698,0.0779191,0.0712822,0.0740959,0,0.0760286,3.96775e-08,3.03065
train,85,2,20,0,0.231394,0.0779486,0.071268,0.0741694,0,0,2.69498e-08,3.03065
train,85,2,21,0,0.231435,0.0782785,0.0714694,0.0740322,0,0,0.000134668,3.03065
train,86,2,18,0,0.231238,0.0778293,0.0711984,0.0742148,0,0.184672,0.00148317,2.90316
train,86,2,19,0.457517,0.23144,0.0778658,0.0711683,0.0740959,0,0.271644,0.457517,2.90316
train,86,2,20,0,0.231225,0.0779223,0.0712046,0.0741694,0,0.176662,5.96829e-07,2.90316
train,86,2,21,0.220674,0.232045,0.0794302,0.0731863,0.0738965,0,0.213985,0.220674,2.90316
train,87,2,18,0,0.231229,0.0778403,0.0712108,0.0742148,0,0.0123938,0,1.91138
train,87,2,19,0,0.231426,0.077871,0.0711739,0.0740959,0,0.0993656,6.57777e-08,1.91138
train,87,2,20,0,0.23118,0.0779325,0.0712093,0.0741694,0,0.00438394,0,1.91138
train,87,2,21,0,0.231267,0.0782523,0.0713976,0.0740322,0,0.0233253,0,1.91138
train,88,2,18,0,0.231362,0.077858,0.0712339,0.0742148,0,0.017183,3.41318e-08,1.86429
train,88,2,19,0.0510009,0.231705,0.077929,0.0712772,0.0740959,0,0.104155,0.0510008,1.86429
train,88,2,20,0,0.231406,0.0779682,0.0712643,0.0741694,0,0.00917308,3.51834e-08,1.86429
train,88,2,21,0,0.231493,0.0783102,0.0714705,0.0740322,0,0.0281144,2.92679e-08,1.86429
train,89,2,18,0,0.231243,0.0778282,0.0711938,0.0742148,0,0.143637,4.68175e-07,2.90316
train,89,2,19,0.315416,0.231462,0.0778659,0.0711707,0.0740959,0,0.230609,0.315416,2.90316
train,89,2,20,0,0.231236,0.0779185,0.0711975,0.0741694,0,0.135627,5.06305e-07,2.90316
train,89,2,21,0,0.232193,0.0796691,0.0735185,0.0738651,0,0.184757,0.000959305,2.90316
val,0,0,18,0,0.231206,0.0778993,0.0712724,0.0741648,0,0,0,0.305371
val,0,0,19,0,0.231507,0.0778849,0.0712022,0.0740756,0,0.0133424,0.0281642,0.305371
val,0,0,20,0,0.231239,0.0779058,0.0712767,0.0742177,0,0,0,0.305371
val,0,0,21,0,0.231194,0.0779895,0.0712574,0.074156,0,0,0,0.305371
val,1,0,18,0,0.231304,0.0778881,0.0712642,0.0741648,0,0.0943647,0,1.24736
val,1,0,19,0.545926,0.232087,0.0791486,0.0731253,0.0739137,0,0.226403,0.146335,1.24736
val,1,0,20,0,0.231279,0.0778875,0.0712551,0.0742177,0,0.106872,0,1.24736
val,1,0,21,0,0.231952,0.0792565,0.0729959,0.073941,0,0.160047,0.0461675,1.24736
val,2,0,18,0,0.231206,0.0778993,0.0712724,0.0741648,0,0,0.000230214,0
val,2,0,19,0,0.231507,0.0778849,0.0712022,0.0740756,0,0.0338509,0.000625861,0
val,2,0,20,0,0.231239,0.0779058,0.0712767,0.0742177,0,0,0.000250285,0
val,2,0,21,0,0.231194,0.0779895,0.0712574,0.074156,0,0,0.00025123,0
val,3,0,18,0,0.231268,0.0778761,0.0712553,0.0741648,0,0,0,3.1566
val,3,0,19,0,0.231549,0.0778516,0.0711839,0.0740756,0,0,0.00597632,3.1566
val,3,0,20,0,0.231952,0.0794953,0.0731713,0.074067,0,0,0.0195524,3.1566
val,3,0,21,0,0.231221,0.0779625,0.0712533,0.074156,0,0,0,3.1566
val,30,1,18,0.192436,0.231556,0.0780337,0.0713323,0.0740197,0,0.0540786,0,5.4029
val,30,1,19,0.0191149,0.231609,0.078069,0.0713703,0.074006,0,0.0472057,0,5.4029
val,30,1,20,0.109299,0.231687,0.0780589,0.0713364,0.0740001,0,0.0373921,0,5.4029
val,30,1,21,0,0.231233,0.0778799,0.0712346,0.0742057,0,0,0,5.4029
val,31,1,18,0.175625,0.232661,0.0795491,0.0739291,0.0738824,0,0.170852,0.286374,2.20631
val,31,1,19,0.184168,0.232748,0.0796138,0.0740144,0.0738747,0,0.163979,0.287057,2.20631
val,31,1,20,0.0638287,0.231781,0.0780806,0.0713471,0.0740001,0,0.20297,0.19131,2.20631
val,31,1,21,0,0.231647,0.0787432,0.0725547,0.0740022,0,0.108578,0.211223,2.20631
val,32,1,18,0,0.231537,0.0780107,0.0712898,0.0740197,0,0,0,3.13296
val,32,1,19,0,0.231582,0.0780468,0.0713296,0.074006,0,0,0,3.13296
val,32,1,20,0,0.231647,0.078069,0.0713272,0.0740001,0,0,0,3.13296
val,32,1,21,0,0.231225,0.0778749,0.0712153,0.0742057,0,0,0,3.13296
val,33,1,18,0,0.231536,0.078011,0.0712897,0.0740197,0,0,0.00234249,3.39891
val,33,1,19,0,0.231581,0.0780469,0.0713293,0.074006,0,0,0.00147487,3.39891
val,33,1,20,0,0.231645,0.0780692,0.0713269,0.0740001,0,0,0.00147934,3.39891
val,33,1,21,0,0.231226,0.0778757,0.0712164,0.0742057,0,0,0,3.39891
val,60,2,18,0,0.231229,0.0778403,0.0712108,0.0742148,0,0.00645074,0,2.91947
val,60,2,19,0,0.231426,0.0778711,0.0711739,0.0740959,0,0.0934225,0.135257,2.91947
val,60,2,20,0,0.23118,0.0779325,0.0712093,0.0741694,0,0,0,2.91947
val,60,2,21,0,0.231267,0.0782523,0.0713976,0.0740322,0,0.0173822,0.04151,2.91947
val,61,2,18,0,0.231229,0.0778402,0.0712089,0.0742148,0,0,0,2.3405
val,61,2,19,0,0.231428,0.0778712,0.0711734,0.0740959,0,0.00485568,0.0125941,2.3405
val,61,2,20,0,0.23118,0.0779324,0.0712072,0.0741694,0,0,0,2.3405
val,61,2,21,0,0.231267,0.0782532,0.0713976,0.0740322,0,0,0,2.3405
val,62,2,18,0,0.231229,0.0778403,0.0712108,0.0742148,0,0.05152,0,2.3405
val,62,2,19,0.0142202,0.231426,0.0778711,0.0711739,0.0740959,0,0.138492,0,2.3405
val,62,2,20,0,0.23118,0.0779325,0.0712093,0.0741694,0,0.0435102,0,2.3405
val,62,2,21,0,0.231267,0.0782523,0.0713976,0.0740322,0,0.0624515,0,2.3405
val,63,2,18,0,0.231601,0.0785912,0.0723874,0.0740234,0,0.0389064,0.0339846,2.43093
val,63,2,19,0.0421506,0.232168,0.0790358,0.0732053,0.0739444,0,0.125878,0.117691,2.43093
val,63,2,20,0,0.231823,0.0789355,0.0728234,0.0739719,0,0.0308965,0.0348973,2.43093
val,63,2,21,0.0109906,0.231402,0.0782658,0.0714408,0.0740322,0,0.0883791,0.0711262,2.43093
test_id,4,0,18,0,0.231294,0.0778848,0.0712596,0.0741648,0,0.0795757,0,1.24736
test_id,4,0,19,0.408461,0.232116,0.0792098,0.0732138,0.0739031,0,0.211132,0.144486,1.24736
test_id,4,0,20,0,0.231274,0.0778857,0.071252,0.0742177,0,0.0920827,0,1.24736
test_id,4,0,21,0,0.232002,0.0793281,0.0730837,0.07393,0,0.144776,0.0473544,1.24736
test_id,5,0,18,0,0.231206,0.0778993,0.0712724,0.0741648,0,0,0,1.18816
test_id,5,0,19,0,0.231507,0.0778849,0.0712022,0.0740756,0,0,0.0460606,1.18816
test_id,5,0,20,0,0.231239,0.0779058,0.0712767,0.0742177,0,0,0,1.18816
test_id,5,0,21,0,0.231194,0.0779895,0.0712574,0.074156,0,0,0,1.18816
test_id,6,0,18,0,0.231267,0.0778797,0.0712551,0.0741648,0,0,0,3.1566
test_id,6,0,19,0,0.231548,0.0778567,0.0711843,0.0740756,0,0,0.00590075,3.1566
test_id,6,0,20,0,0.231279,0.0778828,0.0712649,0.0742177,0,0,0,3.1566
test_id,6,0,21,0,0.232081,0.0796299,0.0734385,0.0740268,0,0,0.0171125,3.1566
test_id,7,0,18,0,0.231206,0.0778993,0.0712724,0.0741648,0,0,0,0
test_id,7,0,19,0,0.231507,0.0778849,0.0712022,0.0740756,0,0,0.000448995,0
test_id,7,0,20,0,0.231239,0.0779059,0.0712767,0.0742177,0,0,0.000243979,0
test_id,7,0,21,0,0.231194,0.0779895,0.0712574,0.074156,0,0,0.000245592,0
test_id,34,1,18,0,0.231537,0.0780107,0.0712898,0.0740197,0,0.0650106,0,2.94794
test_id,34,1,19,0,0.231582,0.0780467,0.0713296,0.074006,0,0.0581377,0.0111062,2.94794
test_id,34,1,20,0.000224485,0.231647,0.078069,0.0713272,0.0740001,0,0.0483241,0.0644146,2.94794
test_id,34,1,21,0,0.231225,0.0778749,0.0712153,0.0742057,0,0.00273689,0,2.94794
test_id,35,1,18,0,0.231671,0.0780032,0.0713178,0.0740197,0,0.0989958,0.00292753,2.94977
test_id,35,1,19,0.364376,0.232008,0.0799036,0.0734319,0.0739989,0,0.100439,0.0146314,2.94977
test_id,35,1,20,0,0.232026,0.0781218,0.0714523,0.0740001,0,0.0823093,0.00293477,2.94977
test_id,35,1,21,0,0.23127,0.0778512,0.0712132,0.0742057,0,0.0367221,0,2.94977
test_id,36,1,18,0.083581,0.232661,0.079601,0.0740099,0.07387,0,0.146771,0.281318,2.20631
test_id,36,1,19,0.167077,0.232745,0.0796652,0.0740947,0.0738623,0,0.139898,0.282115,2.20631
test_id,36,1,20,0.0607213,0.231796,0.0780789,0.0713486,0.0740001,0,0.186411,0.1819,2.20631
test_id,36,1,21,0,0.231703,0.0788602,0.0727341,0.0739916,0,0.084497,0.179935,2.20631
test_id,37,1,18,0,0.231536,0.0780101,0.0712899,0.0740197,0,0.0772556,0.00245368,2.28934
test_id,37,1,19,0,0.231581,0.0780459,0.0713296,0.074006,0,0.0703826,0.0024507,2.28934
test_id,37,1,20,0,0.231647,0.0780683,0.0713271,0.0740001,0,0.060569,0.00243769,2.28934
test_id,37,1,21,0,0.231225,0.0778747,0.0712157,0.0742057,0,0.0149818,0,2.28934
test_id,64,2,18,0,0.231229,0.0778403,0.0712108,0.0742148,0,0,0,2.90316
test_id,64,2,19,0,0.231426,0.0778711,0.0711739,0.0740959,0,0,0.112515,2.90316
test_id,64,2,20,0,0.23118,0.0779325,0.0712093,0.0741694,0,0,0,2.90316
test_id,64,2,21,0,0.231267,0.0782523,0.0713976,0.0740322,0,0,0.033895,2.90316
test_id,65,2,18,0,0.231229,0.0778403,0.0712108,0.0742148,0,0,0,2.21738
test_id,65,2,19,0,0.231426,0.0778711,0.0711739,0.0740959,0,0.00440428,0,2.21738
test_id,65,2,20,0,0.23118,0.0779325,0.0712093,0.0741694,0,0,0,2.21738
test_id,65,2,21,0,0.231267,0.0782523,0.0713976,0.0740322,0,0,0.00573745,2.21738
test_id,66,2,18,0,0.23123,0.07784,0.0712106,0.0742148,0,0,0,2.92155
test_id,66,2,19,0,0.231426,0.0778711,0.0711742,0.0740959,0,0,0.0138592,2.92155
test_id,66,2,20,0,0.23118,0.0779322,0.0712092,0.0741694,0,0,0,2.92155
test_id,66,2,21,0,0.231267,0.0782523,0.0713977,0.0740322,0,0,0,2.92155
test_id,67,2,18,0.0932255,0.231256,0.0778405,0.071233,0.0742148,0,0.00289386,0.00883315,5.79325
test_id,67,2,19,0.0369983,0.231465,0.0778842,0.0712216,0.0740959,0,0.0898656,0.00937626,5.79325
test_id,67,2,20,0.0460553,0.231204,0.0779221,0.0712314,0.0741694,0,0,0.00871936,5.79325
test_id,67,2,21,0.280335,0.231353,0.0782293,0.071443,0.0740322,0,0.0138253,0.00898864,5.79325
shift_topo,90,3,18,0,0.231741,0.0788149,0.0725779,0.0739942,0,0.134815,0.0288111,2.20935
shift_topo,90,3,19,0.487564,0.232018,0.0788639,0.0728285,0.07395,0,0.201045,0.28021,2.20935
shift_topo,90,3,20,0.21492,0.231501,0.0778534,0.0711937,0.0741093,0,0.193706,0.0743626,2.20935
shift_topo,90,3,21,0,0.231881,0.0790039,0.0727916,0.0739623,0,0.12027,0.159962,2.20935
shift_topo,91,3,18,0,0.231197,0.0779116,0.071221,0.0741922,0,0.0380916,0,5.11074
shift_topo,91,3,19,0.168973,0.231429,0.077843,0.0711235,0.0740975,0,0.104322,0,5.11074
shift_topo,91,3,20,0,0.231353,0.0778917,0.0712231,0.0741093,0,0.115235,0,5.11074
shift_topo,91,3,21,0,0.231205,0.0779582,0.0712063,0.0741597,0,0.0235472,0,5.11074
shift_topo,92,3,18,0,0.231197,0.0779116,0.071221,0.0741922,0,0.0386895,0,4.92238
shift_topo,92,3,19,0,0.231429,0.077843,0.0711235,0.0740975,0,0.10492,0.0323919,4.92238
shift_topo,92,3,20,0,0.231353,0.0778917,0.0712231,0.0741093,0,0.115833,0.032237,4.92238
shift_topo,92,3,21,0,0.231205,0.0779582,0.0712063,0.0741597,0,0.0241451,0,4.92238
shift_topo,93,3,18,0,0.231197,0.0779109,0.0712219,0.0741922,0,0.0563808,0.00953238,4.53339
shift_topo,93,3,19,0.0157712,0.231428,0.0778424,0.0711239,0.0740975,0,0.122612,0.0295585,4.53339
shift_topo,93,3,20,0,0.231352,0.0778912,0.0712235,0.0741093,0,0.133524,0.028915,4.53339
shift_topo,93,3,21,0,0.231204,0.0779573,0.0712069,0.0741597,0,0.0418364,0.00985566,4.53339
shift_topo,94,3,18,0,0.231197,0.0779116,0.071221,0.0741922,0,0,0,0
shift_topo,94,3,19,0,0.231429,0.077843,0.0711235,0.0740975,0,0.053325,0,0
shift_topo,94,3,20,0,0.231353,0.0778917,0.0712231,0.0741093,0,0.0642373,0,0
shift_topo,94,3,21,0,0.231205,0.0779582,0.0712063,0.0741597,0,0,0,0
shift_topo,95,3,18,0,0.231797,0.0789195,0.0725891,0.0739788,0,0.221534,0.135695,2.20935
shift_topo,95,3,19,0.424313,0.231949,0.0789,0.0727874,0.0739359,0,0.287764,0.32409,2.20935
shift_topo,95,3,20,0.342905,0.231512,0.0778383,0.0711833,0.0741093,0,0.219754,0.0767374,2.20935
shift_topo,95,3,21,0,0.231917,0.0791168,0.0727974,0.0739427,0,0.206989,0.138369,2.20935
shift_topo,96,3,18,0,0.231197,0.0779116,0.071221,0.0741922,0,0,0,2.81122
shift_topo,96,3,19,0,0.231429,0.077843,0.0711235,0.0740975,0,0.0318685,0,2.81122
shift_topo,96,3,20,0,0.231353,0.0778917,0.0712231,0.0741093,0,0.0427808,0,2.81122
shift_topo,96,3,21,0,0.231205,0.0779582,0.0712063,0.0741597,0,0,0,2.81122
shift_topo,97,3,18,0,0.231839,0.0788771,0.0728052,0.0739862,0,0,0.0496213,2.20935
shift_topo,97,3,19,0.0256585,0.23223,0.0789676,0.0731805,0.0739399,0,0.0347526,0.163048,2.20935
shift_topo,97,3,20,0,0.231461,0.0778721,0.0712116,0.0741093,0,0.128792,0.0452383,2.20935
shift_topo,97,3,21,0,0.232019,0.0790798,0.073071,0.0739564,0,0,0.0592585,2.20935
shift_topo,98,3,18,0,0.231197,0.0779116,0.071221,0.0741922,0,0.0795699,0,2.81122
shift_topo,98,3,19,0,0.231429,0.077843,0.0711235,0.0740975,0,0.145801,0,2.81122
shift_topo,98,3,20,0,0.231353,0.0778917,0.0712231,0.0741093,0,0.156713,0,2.81122
shift_topo,98,3,21,0,0.231205,0.0779582,0.0712063,0.0741597,0,0.0650255,0,2.81122
shift_topo,99,3,18,0,0.231197,0.0779116,0.071221,0.0741922,0,0,0,2.56139
shift_topo,99,3,19,0,0.231429,0.077843,0.0711235,0.0740975,0,0.0319336,0,2.56139
shift_topo,99,3,20,0,0.231353,0.0778917,0.0712231,0.0741093,0,0.0428459,0,2.56139
shift_topo,99,3,21,0,0.231205,0.0779582,0.0712063,0.0741597,0,0,0,2.56139
shift_topo,120,4,18,0.0166289,0.231464,0.0779104,0.0712165,0.0740568,0,0,0.0283348,4.91757
shift_topo,120,4,19,0,0.231553,0.0780683,0.0713735,0.0740018,0,0,0.0290649,4.91757
shift_topo,120,4,20,0,0.231245,0.0780826,0.071373,0.0741006,0,0,0.00945622,4.91757
shift_topo,120,4,21,0,0.231242,0.077953,0.0712391,0.0741456,0,0,0.0293953,4.91757
shift_topo,121,4,18,0.199595,0.232632,0.0794675,0.0739293,0.0739059,0,0.0659138,0.113942,4.77276
shift_topo,121,4,19,0,0.231885,0.0781265,0.0714536,0.0740018,0,0.105379,0.0664401,4.77276
shift_topo,121,4,20,0,0.231375,0.0781088,0.0713828,0.0741006,0,0.0397049,0.011803,4.77276
shift_topo,121,4,21,0.00210816,0.231322,0.077963,0.071225,0.0741456,0,0.0695967,0.0464908,4.77276
shift_topo,122,4,18,0.176717,0.231918,0.0797811,0.0732292,0.0740244,0,0.142874,0.0155076,4.10772
shift_topo,122,4,19,0,0.231783,0.0780855,0.0714324,0.0740018,0,0.128267,0,4.10772
shift_topo,122,4,20,0,0.231342,0.0780842,0.0713921,0.0741006,0,0.0625929,0,4.10772
shift_topo,122,4,21,0,0.231316,0.0779522,0.0712376,0.0741456,0,0.0924847,0,4.10772
shift_topo,123,4,18,0,0.231464,0.0779118,0.0712163,0.0740568,0,0.0771922,0,2.12658
shift_topo,123,4,19,0,0.231555,0.0780708,0.0713744,0.0740018,0,0.0471368,0,2.12658
shift_topo,123,4,20,0,0.231246,0.078085,0.071373,0.0741006,0,0,0,2.12658
shift_topo,123,4,21,0,0.231242,0.0779542,0.0712389,0.0741456,0,0.0113544,0,2.12658
shift_topo,124,4,18,0,0.231464,0.0779118,0.0712163,0.0740568,0,0,0.0423461,4.83764
shift_topo,124,4,19,0,0.231555,0.0780708,0.0713744,0.0740018,0,0,0.0440374,4.83764
shift_topo,124,4,20,0,0.231246,0.078085,0.071373,0.0741006,0,0,0,4.83764
shift_topo,124,4,21,0,0.231242,0.0779542,0.0712389,0.0741456,0,0,0.0436759,4.83764
shift_topo,125,4,18,0,0.231464,0.0779118,0.0712163,0.0740568,0,0,0.0124947,4.83764
shift_topo,125,4,19,0,0.231555,0.0780708,0.0713744,0.0740018,0,0,0.0434149,4.83764
shift_topo,125,4,20,0,0.231246,0.078085,0.071373,0.0741006,0,0,0,4.83764
shift_topo,125,4,21,0,0.231242,0.0779542,0.0712389,0.0741456,0,0,0.0441087,4.83764
shift_topo,126,4,18,0,0.231464,0.0779118,0.0712163,0.0740568,0,0,0,5.10207
shift_topo,126,4,19,0,0.231555,0.0780708,0.0713744,0.0740018,0,0,0.0121487,5.10207
shift_topo,126,4,20,0,0.231246,0.078085,0.071373,0.0741006,0,0,0,5.10207
shift_topo,126,4,21,0,0.231242,0.0779542,0.0712389,0.0741456,0,0,0.012545,5.10207
shift_topo,127,4,18,0.414609,0.231999,0.0796591,0.0734046,0.0740099,0,0.107556,0.014768,4.10772
shift_topo,127,4,19,0,0.231803,0.0780921,0.0714414,0.0740018,0,0.0868519,0,4.10772
shift_topo,127,4,20,0,0.231353,0.0780883,0.0713964,0.0741006,0,0.0211777,0,4.10772
shift_topo,127,4,21,0,0.231322,0.0779541,0.0712414,0.0741456,0,0.0510695,0,4.10772
shift_topo,128,4,18,0.3442,0.232512,0.0794878,0.0737781,0.0739037,0,0.172707,0.0911874,4.77276
shift_topo,128,4,19,0,0.231965,0.0781263,0.0714709,0.0740018,0,0.136304,0.105193,4.77276
shift_topo,128,4,20,0,0.231405,0.0781011,0.0713814,0.0741006,0,0.0706295,0.0116681,4.77276
shift_topo,128,4,21,0.124399,0.231352,0.0779512,0.0712178,0.0741456,0,0.100521,0.0466724,4.77276
shift_topo,129,4,18,0,0.231464,0.0779118,0.0712163,0.0740568,0,0.0674173,0,2.12658
shift_topo,129,4,19,0,0.231555,0.0780708,0.0713744,0.0740018,0,0.0373619,0,2.12658
shift_topo,129,4,20,0,0.231246,0.078085,0.071373,0.0741006,0,0,0,2.12658
shift_topo,129,4,21,0,0.231242,0.0779542,0.0712389,0.0741456,0,0.00157955,0,2.12658
shift_size,150,5,36,0,0.231196,0.0778808,0.0713289,0.0741615,0,0,0,2.04523
shift_size,150,5,37,0,0.23118,0.0779312,0.0713129,0.0741329,0,0,0,2.04523
shift_size,150,5,38,0,0.231237,0.0778965,0.0713097,0.0742256,0,0,0,2.04523
shift_size,150,5,39,0,0.231293,0.0777377,0.0711821,0.074199,0,0,0,2.04523
shift_size,150,5,40,0,0.231332,0.0777595,0.0712277,0.07417,0,0.00544865,0,2.04523
shift_size,150,5,41,0,0.231329,0.0779208,0.0712894,0.0741376,0,0,0,2.04523
shift_size,150,5,42,0,0.231373,0.0777957,0.0711963,0.0741134,0,0,0,2.04523
shift_size,150,5,43,0,0.2313,0.0777377,0.0712175,0.0742191,0,0,0,2.04523
shift_size,151,5,36,0,0.231196,0.0778808,0.0713289,0.0741615,0,0,0,2.26935
shift_size,151,5,37,0,0.23118,0.0779312,0.0713129,0.0741329,0,0,0,2.26935
shift_size,151,5,38,0,0.231237,0.0778965,0.0713097,0.0742256,0,0,0,2.26935
shift_size,151,5,39,0,0.231293,0.0777377,0.0711821,0.074199,0,0,0,2.26935
shift_size,151,5,40,0,0.231332,0.0777595,0.0712277,0.07417,0,0,0,2.26935
shift_size,151,5,41,0,0.231329,0.0779208,0.0712894,0.0741376,0,0,0,2.26935
shift_size,151,5,42,0,0.231373,0.0777957,0.0711963,0.0741134,0,0,0.0125979,2.26935
shift_size,151,5,43,0,0.2313,0.0777377,0.0712175,0.0742191,0,0,0,2.26935
shift_size,152,5,36,0,0.231201,0.0778766,0.0713138,0.0741615,0,0,0,2.48412
shift_size,152,5,37,0,0.232002,0.0793978,0.0735302,0.073926,0,0,0,2.48412
shift_size,152,5,38,0,0.231228,0.0778796,0.0712765,0.0742256,0,0,0,2.48412
shift_size,152,5,39,0,0.232021,0.0791346,0.0732965,0.0739823,0,0,0,2.48412
shift_size,152,5,40,0,0.232029,0.0790878,0.0732917,0.0739649,0,0,0,2.48412
shift_size,152,5,41,0,0.231399,0.0779238,0.0712969,0.0741376,0,0,0,2.48412
shift_size,152,5,42,0.0558229,0.232154,0.0791187,0.0733631,0.0739277,0,0,0.0926276,2.48412
shift_size,152,5,43,0,0.231986,0.0790736,0.0732507,0.0740044,0,0,0,2.48412
shift_size,153,5,36,0,0.231196,0.0778808,0.0713289,0.0741615,0,0,0,0
shift_size,153,5,37,0,0.23118,0.0779312,0.0713129,0.0741329,0,0,0,0
shift_size,153,5,38,0,0.231237,0.0778965,0.0713097,0.0742256,0,0,0,0
shift_size,153,5,39,0,0.231293,0.0777377,0.0711821,0.074199,0,0,0,0
shift_size,153,5,40,0,0.231332,0.0777595,0.0712277,0.07417,0,0,0,0
shift_size,153,5,41,0,0.231329,0.0779208,0.0712894,0.0741376,0,0,0,0
shift_size,153,5,42,0,0.231373,0.0777957,0.0711963,0.0741134,0,0,0,0
shift_size,153,5,43,0,0.2313,0.0777377,0.0712175,0.0742191,0,0,0,0
shift_size,154,5,36,0,0.232113,0.0792693,0.0730397,0.0739646,0,0.203455,0,0
shift_size,154,5,37,0,0.231296,0.0779441,0.0713393,0.0741329,0,0.0541288,0,0
shift_size,154,5,38,0,0.231857,0.0789188,0.0725209,0.0740225,0,0.187636,0.053184,0
shift_size,154,5,39,0,0.231341,0.077742,0.0711847,0.074199,0,0.0906556,0,0
shift_size,154,5,40,0,0.231381,0.0777529,0.0712242,0.07417,0,0.135371,0,0
shift_size,154,5,41,0,0.232252,0.0794135,0.0731176,0.0739427,0,0.200008,0.0527987,0
shift_size,154,5,42,0.375304,0.231389,0.0777835,0.0711726,0.0741134,0,0.120211,0.0443022,0
shift_size,154,5,43,0,0.231326,0.0777396,0.0712271,0.0742191,0,0.111851,0,0
shift_size,155,5,36,0,0.231196,0.0778808,0.0713289,0.0741615,0,0,0,5.6881
shift_size,155,5,37,0,0.23118,0.0779312,0.0713129,0.0741329,0,0,0,5.6881
shift_size,155,5,38,0,0.231237,0.0778965,0.0713097,0.0742256,0,0,0,5.6881
shift_size,155,5,39,0,0.231293,0.0777377,0.0711821,0.074199,0,0,0,5.6881
shift_size,155,5,40,0,0.231332,0.0777595,0.0712277,0.07417,0,0,0,5.6881
shift_size,155,5,41,0,0.231329,0.0779208,0.0712894,0.0741376,0,0,0,5.6881
shift_size,155,5,42,0,0.231373,0.0777957,0.0711963,0.0741134,0,0,0,5.6881
shift_size,155,5,43,0,0.2313,0.0777377,0.0712175,0.0742191,0,0,0,5.6881
shift_size,156,5,36,0,0.231196,0.0778808,0.0713289,0.0741615,0,0,0,5.18534
shift_size,156,5,37,0,0.23118,0.0779312,0.0713129,0.0741329,0,0,0,5.18534
shift_size,156,5,38,0,0.231237,0.0778965,0.0713097,0.0742256,0,0,0,5.18534
shift_size,156,5,39,0,0.231293,0.0777377,0.0711821,0.074199,0,0,0,5.18534
shift_size,156,5,40,0,0.231332,0.0777595,0.0712277,0.07417,0,0,0.0194805,5.18534
shift_size,156,5,41,0,0.231329,0.0779208,0.0712894,0.0741376,0,0,0,5.18534
shift_size,156,5,42,0,0.231373,0.0777957,0.0711963,0.0741134,0,0,0.0296928,5.18534
shift_size,156,5,43,0,0.2313,0.0777377,0.0712175,0.0742191,0,0,0,5.18534
shift_size,157,5,36,0,0.231314,0.0779268,0.0714158,0.0741615,0,0,0,3.03104
shift_size,157,5,37,0,0.231231,0.0779414,0.0713347,0.0741329,0,0,0,3.03104
shift_size,157,5,38,0,0.231236,0.0778963,0.0713092,0.0742256,0,0,0,0
shift_size,157,5,39,0,0.231876,0.0792629,0.0730237,0.0740691,0,0,0.0101464,3.03104
shift_size,157,5,40,0,0.23135,0.0777625,0.0712355,0.07417,0,0,0,3.03104
shift_size,157,5,41,0,0.231513,0.0779582,0.0713734,0.0741376,0,0,0,3.03104
shift_size,157,5,42,0,0.231373,0.0777957,0.0711961,0.0741134,0,0,0,0
shift_size,157,5,43,0,0.23131,0.0777442,0.0712261,0.0742191,0,0,0,3.03104
shift_size,158,5,36,0,0.231196,0.0778808,0.0713289,0.0741615,0,0,0,1.77628
shift_size,158,5,37,0,0.23118,0.0779312,0.0713129,0.0741329,0,0,0,1.77628
shift_size,158,5,38,0,0.231237,0.0778965,0.0713097,0.0742256,0,0,0,1.77628
shift_size,158,5,39,0,0.231293,0.0777377,0.0711821,0.074199,0,0,0,1.77628
shift_size,158,5,40,0,0.231332,0.0777595,0.0712277,0.07417,0,0.0314562,0,1.77628
shift_size,158,5,41,0,0.231329,0.0779208,0.0712894,0.0741376,0,0,0,1.77628
shift_size,158,5,42,0,0.231373,0.0777957,0.0711963,0.0741134,0,0.0162965,0,1.77628
shift_size,158,5,43,0,0.2313,0.0777377,0.0712175,0.0742191,0,0.00793649,0,1.77628
shift_size,159,5,36,0,0.231196,0.0778808,0.0713289,0.0741615,0,0,0,2.48412
shift_size,159,5,37,0,0.23118,0.0779312,0.0713129,0.0741329,0,0,0,2.48412
shift_size,159,5,38,0,0.231237,0.0778965,0.0713097,0.0742256,0,0,0,2.48412
shift_size,159,5,39,0,0.231293,0.0777377,0.0711821,0.074199,0,0,0,2.48412
shift_size,159,5,40,0,0.231332,0.0777595,0.0712277,0.07417,0,0,0,2.48412
shift_size,159,5,41,0,0.231329,0.0779208,0.0712894,0.0741376,0,0,0,2.48412
shift_size,159,5,42,0,0.231373,0.0777957,0.0711963,0.0741134,0,0,0.0440088,2.48412
shift_size,159,5,43,0,0.2313,0.0777377,0.0712175,0.0742191,0,0,0,2.48412
shift_type,100,3,18,0,0.231611,0.0788031,0.0723317,0.0740696,0,0,0,3.69552
shift_type,100,3,19,0.00121572,0.231429,0.077843,0.0711234,0.0740975,0,0,0,0
shift_type,100,3,20,0,0.231353,0.0778917,0.0712231,0.0741093,0,0,0,0
shift_type,100,3,21,0,0.231205,0.0779581,0.0712061,0.0741597,0,0,0,0
shift_type,101,3,18,0,0.231197,0.0779115,0.071221,0.0741922,0,0,0,0
shift_type,101,3,19,0.161797,0.231429,0.0778429,0.0711235,0.0740975,0,0.0369591,0,0
shift_type,101,3,20,0.500045,0.23203,0.0792519,0.071977,0.0740444,0,0.253768,0,3.6876
shift_type,101,3,21,0,0.231205,0.0779582,0.0712062,0.0741597,0,0,0,0
shift_type,102,3,18,0,0.231197,0.0779114,0.0712206,0.0741922,0,0,0,0
shift_type,102,3,19,0.175515,0.231865,0.078935,0.0719268,0.0740321,0,0.189021,0,3.65202
shift_type,102,3,20,0,0.231353,0.0778917,0.0712231,0.0741093,0,0.0342444,0,0
shift_type,102,3,21,0,0.231205,0.077958,0.0712059,0.0741597,0,0,0,0
shift_type,103,3,18,0,0.231198,0.0779121,0.0712211,0.0741922,0,0,0,0
shift_type,103,3,19,0,0.231429,0.0778432,0.0711236,0.0740975,0,0,0,0
shift_type,103,3,20,0.0127386,0.231647,0.0785937,0.0721011,0.0740251,0,0.0153049,0,3.6876
shift_type,103,3,21,0,0.231205,0.0779587,0.0712063,0.0741597,0,0,0,0
shift_type,104,3,18,0,0.231197,0.0779114,0.0712211,0.0741922,0,0,0,0
shift_type,104,3,19,0.104248,0.231429,0.0778428,0.0711235,0.0740975,0,0,0,0
shift_type,104,3,20,0.64989,0.231907,0.0791075,0.0721959,0.07403,0,0.134898,0,3.6876
shift_type,104,3,21,0,0.231205,0.077958,0.0712063,0.0741597,0,0,0,0
shift_type,105,3,18,0,0.231197,0.0779114,0.0712205,0.0741922,0,0.0239604,0,0
shift_type,105,3,19,0,0.231429,0.0778429,0.0711234,0.0740975,0,0.0901911,0,0
shift_type,105,3,20,0.0575176,0.231353,0.0778917,0.0712231,0.0741093,0,0.101103,0,0
shift_type,105,3,21,0,0.231747,0.0789431,0.0718743,0.0740744,0,0.176926,0,3.66084
shift_type,106,3,18,0,0.231198,0.0779113,0.0712203,0.0741922,0,0,0,0
shift_type,106,3,19,0,0.231429,0.0778429,0.0711233,0.0740975,0,0.0599032,0,0
shift_type,106,3,20,0,0.231353,0.0778916,0.071223,0.0741093,0,0.0708155,0,0
shift_type,106,3,21,0,0.231701,0.0789901,0.0720752,0.074042,0,0.14565,0.0375578,3.66084
shift_type,107,3,18,0,0.231197,0.0779119,0.0712212,0.0741922,0,0,0,0
shift_type,107,3,19,0,0.231429,0.0778432,0.0711236,0.0740975,0,0,0,0
shift_type,107,3,20,0,0.231425,0.078254,0.0718061,0.0740584,0,0,0,3.6876
shift_type,107,3,21,0,0.231205,0.0779585,0.0712064,0.0741597,0,0,0,0
shift_type,108,3,18,0,0.231197,0.0779115,0.0712204,0.0741922,0,0,0,0
shift_type,108,3,19,0.139869,0.231742,0.0788491,0.0721723,0.0740012,0,0.129923,0.139882,3.65202
shift_type,108,3,20,0,0.231353,0.0778917,0.0712231,0.0741093,0,0,0,0
shift_type,108,3,21,0,0.231205,0.0779582,0.0712058,0.0741597,0,0,0,0
shift_type,109,3,18,0,0.231198,0.0779113,0.0712203,0.0741922,0,0.0268452,0,0
shift_type,109,3,19,0.0125507,0.231429,0.0778429,0.0711233,0.0740975,0,0.0930759,0,0
shift_type,109,3,20,0,0.231353,0.0778916,0.071223,0.0741093,0,0.103988,0,0
shift_type,109,3,21,0,0.231706,0.0789317,0.0719112,0.0740507,0,0.203885,0,3.66084
shift_type,130,4,18,0.00148509,0.231464,0.0779118,0.0712162,0.0740568,0,0.0520843,0,0
shift_type,130,4,19,0.294441,0.231777,0.0788292,0.072237,0.0739387,0,0.141266,0,3.68428
shift_type,130,4,20,0,0.231246,0.0780851,0.071373,0.0741006,0,0,0,0
shift_type,130,4,21,0,0.231242,0.0779542,0.0712389,0.0741456,0,0,0,0
shift_type,131,4,18,0.0274214,0.231464,0.0779118,0.0712163,0.0740568,0,0.0185007,0,0
shift_type,131,4,19,0,0.231555,0.0780707,0.0713743,0.0740018,0,0,0,0
shift_type,131,4,20,0,0.231246,0.078085,0.0713729,0.0741006,0,0,0,0
shift_type,131,4,21,0.189435,0.231505,0.0785638,0.0719294,0.0740683,0,0.0347155,0,3.31705
shift_type,132,4,18,0.0430163,0.231464,0.0779117,0.0712162,0.0740568,0,0.0172223,0,0
shift_type,132,4,19,0.459124,0.232123,0.0794244,0.0728257,0.0739341,0,0.132971,0,3.68428
shift_type,132,4,20,0,0.231246,0.078085,0.071373,0.0741006,0,0,0,0
shift_type,132,4,21,0,0.231242,0.0779542,0.0712389,0.0741456,0,0,0,0
shift_type,133,4,18,0.0202916,0.231464,0.0779117,0.0712162,0.0740568,0,0.0317268,0,0
shift_type,133,4,19,0,0.231555,0.0780709,0.0713746,0.0740018,0,0.00167139,0,0
shift_type,133,4,20,0,0.231605,0.0788614,0.0722981,0.0740198,0,0.0115499,0,3.67757
shift_type,133,4,21,0,0.231242,0.0779542,0.0712387,0.0741456,0,0,0,0
shift_type,134,4,18,0.239661,0.23169,0.0786349,0.0720964,0.0739995,0,0.108387,0,3.76384
shift_type,134,4,19,0,0.231555,0.0780708,0.0713743,0.0740018,0,0,0,0
shift_type,134,4,20,0,0.231246,0.0780851,0.071373,0.0741006,0,0,0,0
shift_type,134,4,21,0,0.231242,0.0779541,0.0712387,0.0741456,0,0,0,0
shift_type,135,4,18,0.0792771,0.231787,0.0789644,0.0728165,0.0739707,0,0,0,3.76384
shift_type,135,4,19,0,0.231555,0.078071,0.0713745,0.0740018,0,0,0,0
shift_type,135,4,20,0,0.231246,0.0780852,0.071373,0.0741006,0,0,0,0
shift_type,135,4,21,0,0.231242,0.0779543,0.0712388,0.0741456,0,0,0,0
shift_type,136,4,18,0.275384,0.231939,0.0791762,0.0728721,0.0739718,0,0.0301145,0.0235003,3.76384
shift_type,136,4,19,0,0.231555,0.0780709,0.0713744,0.0740018,0,0,0,0
shift_type,136,4,20,0,0.231246,0.0780851,0.071373,0.0741006,0,0,0,0
shift_type,136,4,21,0,0.231242,0.0779542,0.0712387,0.0741456,0,0,0,0
shift_type,137,4,18,0.0829569,0.231464,0.0779116,0.0712162,0.0740568,0,0,0,0
shift_type,137,4,19,0,0.231555,0.0780708,0.0713746,0.0740018,0,0,0,0
shift_type,137,4,20,0,0.232064,0.0796004,0.0728996,0.0739971,0,0.0519681,0.037497,3.67757
shift_type,137,4,21,0,0.231242,0.0779541,0.0712387,0.0741456,0,0,0,0
shift_type,138,4,18,0.203802,0.231464,0.0779116,0.0712161,0.0740568,0,0.042775,0,0
shift_type,138,4,19,0,0.231555,0.0780707,0.0713746,0.0740018,0,0.0127197,0,0
shift_type,138,4,20,0,0.232148,0.0795078,0.0724687,0.0740185,0,0.117899,0,3.67757
shift_type,138,4,21,0,0.231242,0.077954,0.0712387,0.0741456,0,0,0.00898807,0
shift_type,139,4,18,0.00760773,0.231464,0.0779118,0.0712163,0.0740568,0,0,0,0
shift_type,139,4,19,0,0.231555,0.0780707,0.0713743,0.0740018,0,0,0,0
shift_type,139,4,20,0,0.231246,0.078085,0.0713729,0.0741006,0,0,0,0
shift_type,139,4,21,0.346508,0.231687,0.0789195,0.0723487,0.0740379,0,0.0127508,0,3.31705
shift_multi,110,3,18,0,0.231198,0.0779126,0.071222,0.0741922,0,0.00294618,0.00104605,4.14942
shift_multi,110,3,19,0,0.231429,0.077844,0.0711249,0.0740975,0,0.0691769,0.00296769,4.14942
shift_multi,110,3,20,0,0.231353,0.0778921,0.0712237,0.0741093,0,0.0800892,0.002961,4.14942
shift_multi,110,3,21,0,0.231205,0.0779594,0.0712075,0.0741597,0,0,0.00287329,4.14942
shift_multi,111,3,18,0,0.231197,0.0779124,0.0712216,0.0741922,0,0,0,4.72241
shift_multi,111,3,19,0.00570838,0.231429,0.0778436,0.0711241,0.0740975,0,0.00301933,0.046237,4.72241
shift_multi,111,3,20,0,0.231704,0.0787063,0.0725792,0.0739478,0,0.00845368,0.0917365,4.72241
shift_multi,111,3,21,0,0.231204,0.0779591,0.0712068,0.0741597,0,0,0,4.72241
shift_multi,112,3,18,0,0.231197,0.0779116,0.071221,0.0741922,0,0,0,5.21484
shift_multi,112,3,19,0.0223138,0.231429,0.077843,0.0711235,0.0740975,0,0.0645567,0.0202765,5.21484
shift_multi,112,3,20,0,0.231353,0.0778917,0.0712231,0.0741093,0,0.075469,0.0200155,5.21484
shift_multi,112,3,21,0,0.231205,0.0779582,0.0712063,0.0741597,0,0,0,5.21484
shift_multi,113,3,18,0,0.231197,0.0779099,0.0712214,0.0741922,0,0,0,2.81122
shift_multi,113,3,19,0.0836084,0.231428,0.0778416,0.0711241,0.0740975,0,0,0.0153913,2.81122
shift_multi,113,3,20,0,0.231352,0.0778901,0.0712234,0.0741093,0,0,0,2.81122
shift_multi,113,3,21,0,0.231204,0.0779562,0.0712067,0.0741597,0,0,0,2.81122
shift_multi,114,3,18,0,0.231197,0.0779118,0.0712215,0.0741922,0,0.164808,0,4.92238
shift_multi,114,3,19,0.172975,0.231429,0.0778432,0.071124,0.0740975,0,0.231039,0.0893028,4.92238
shift_multi,114,3,20,0.0508253,0.231721,0.078745,0.072576,0.0739633,0,0.224409,0.1406,4.92238
shift_multi,114,3,21,0,0.231204,0.0779584,0.0712067,0.0741597,0,0.150264,0.0120138,4.92238
shift_multi,115,3,18,0,0.231215,0.0779203,0.0712697,0.0741922,0,0.0536625,0.0191422,2.29731
shift_multi,115,3,19,0.00989672,0.231461,0.0778608,0.0711863,0.0740975,0,0.119893,0.021613,2.29731
shift_multi,115,3,20,0.167847,0.231375,0.0779054,0.0712618,0.0741093,0,0.130805,0.0212319,2.29731
shift_multi,115,3,21,0,0.231233,0.0779515,0.07125,0.0741597,0,0.039118,0.0195143,2.29731
shift_multi,116,3,18,0,0.231197,0.0779132,0.0712217,0.0741922,0,0,0,5.21484
shift_multi,116,3,19,0,0.231428,0.077844,0.0711242,0.0740975,0,0.0351895,0,5.21484
shift_multi,116,3,20,0,0.231803,0.0788694,0.0728044,0.0739323,0,0.0366013,0.0932609,5.21484
shift_multi,116,3,21,0,0.231204,0.07796,0.0712069,0.0741597,0,0,0,5.21484
shift_multi,117,3,18,0,0.231973,0.0791411,0.0730349,0.0739666,0,0.0725855,0.0371555,2.20935
shift_multi,117,3,19,0.31301,0.232276,0.0792091,0.0733732,0.073925,0,0.138816,0.28579,2.20935
shift_multi,117,3,20,0,0.231898,0.0789277,0.0730149,0.0739379,0,0.110835,0.198151,2.20935
shift_multi,117,3,21,0,0.232134,0.079345,0.0732872,0.0739388,0,0.058041,0.0660421,2.20935
shift_multi,118,3,18,0,0.231197,0.0779116,0.071221,0.0741922,0,0,0,2.56139
shift_multi,118,3,19,0.0124533,0.231429,0.077843,0.0711235,0.0740975,0,0.0307491,0.000317589,2.56139
shift_multi,118,3,20,0,0.231353,0.0778917,0.0712231,0.0741093,0,0.0416613,0.000308815,2.56139
shift_multi,118,3,21,0,0.231205,0.0779582,0.0712063,0.0741597,0,0,0.000282922,2.56139
shift_multi,119,3,18,0,0.23171,0.0787526,0.0725338,0.0739921,0,0.0268181,0,4.14942
shift_multi,119,3,19,0.136546,0.23197,0.0787662,0.0727629,0.0739461,0,0.0930489,0.0198677,4.14942
shift_multi,119,3,20,0.076483,0.231486,0.0778501,0.0711889,0.0741093,0,0.111168,0.0198387,4.14942
shift_multi,119,3,21,0,0.231852,0.0789424,0.0727589,0.0739572,0,0.0122737,0,4.14942
shift_multi,140,4,18,0,0.231464,0.0779117,0.0712166,0.0740568,0,0.108723,0,4.83764
shift_multi,140,4,19,0,0.23226,0.0796458,0.0736231,0.0738544,0,0.130167,0,4.83764
shift_multi,140,4,20,0,0.232027,0.0795008,0.0732491,0.0739081,0,0.064493,0,4.83764
shift_multi,140,4,21,0,0.231832,0.0790734,0.0728385,0.0739434,0,0.0943848,0,4.83764
shift_multi,141,4,18,0.670646,0.232174,0.0791028,0.0731525,0.0739102,0,0.247521,0.106863,4.53346
shift_multi,141,4,19,0.175488,0.231942,0.0781104,0.0714559,0.0740018,0,0.187604,0.0111629,4.53346
shift_multi,141,4,20,0,0.231396,0.078087,0.0713773,0.0741006,0,0.12193,0.00927684,4.53346
shift_multi,141,4,21,0.489743,0.231349,0.0779339,0.0711994,0.0741456,0,0.151821,0.0106597,4.53346
shift_multi,142,4,18,0,0.231718,0.0779433,0.0712957,0.0740568,0,0,0.000334175,2.11329
shift_multi,142,4,19,0,0.23214,0.0798729,0.073837,0.0739885,0,0,0.0111166,2.11329
shift_multi,142,4,20,0,0.231365,0.0780812,0.0713991,0.0741006,0,0,0.000263742,2.11329
shift_multi,142,4,21,0,0.231331,0.0779445,0.0712416,0.0741456,0,0,0.000332789,2.11329
shift_multi,143,4,18,0.273592,0.231866,0.0779943,0.0713652,0.0740568,0,0,0.0231107,4.57944
shift_multi,143,4,19,0,0.231751,0.0780951,0.0714031,0.0740018,0,0,0.00245572,4.57944
shift_multi,143,4,20,0,0.231359,0.0781071,0.0713951,0.0741006,0,0,0,4.57944
shift_multi,143,4,21,0,0.231341,0.0779674,0.0712226,0.0741456,0,0,0.0131416,4.57944
shift_multi,144,4,18,0,0.231464,0.077912,0.0712167,0.0740568,0,0,0.0120635,2.27565
shift_multi,144,4,19,0,0.231554,0.0780707,0.0713746,0.0740018,0,0,0.0431854,2.27565
shift_multi,144,4,20,0,0.231245,0.0780849,0.0713735,0.0741006,0,0,0,2.27565
shift_multi,144,4,21,0,0.231242,0.0779547,0.0712399,0.0741456,0,0,0.0124021,2.27565
shift_multi,145,4,18,0,0.231464,0.0779118,0.0712163,0.0740568,0,0.001462,0,0
shift_multi,145,4,19,0,0.231555,0.0780708,0.0713744,0.0740018,0,0,0,0
shift_multi,145,4,20,0,0.231246,0.078085,0.071373,0.0741006,0,0,0,0
shift_multi,145,4,21,0,0.231242,0.0779542,0.0712389,0.0741456,0,0,0,0
shift_multi,146,4,18,0.0241634,0.231464,0.0779116,0.0712169,0.0740568,0,0.0498423,0.0290977,4.53346
shift_multi,146,4,19,0,0.231553,0.0780704,0.0713744,0.0740018,0,0.019787,0.030085,4.53346
shift_multi,146,4,20,0,0.231245,0.0780846,0.0713735,0.0741006,0,0,0.00930267,4.53346
shift_multi,146,4,21,0,0.231242,0.0779542,0.0712399,0.0741456,0,0,0.0297577,4.53346
shift_multi,147,4,18,0.734785,0.232466,0.0794556,0.073543,0.0739137,0,0.314523,0.114791,4.75255
shift_multi,147,4,19,0.316482,0.232009,0.0781169,0.0714835,0.0740018,0,0.210047,0.0223727,4.75255
shift_multi,147,4,20,0,0.231427,0.0780897,0.0713928,0.0741006,0,0.144373,0.0183527,4.75255
shift_multi,147,4,21,0.371534,0.232105,0.0797102,0.0735826,0.0740426,0,0.214475,0.0963828,4.75255
shift_multi,148,4,18,0,0.231464,0.0779118,0.0712163,0.0740568,0,0.0798314,0.0190125,2.12658
shift_multi,148,4,19,0,0.231555,0.0780708,0.0713744,0.0740018,0,0.049776,0.0204092,2.12658
shift_multi,148,4,20,0,0.231246,0.078085,0.071373,0.0741006,0,0,0,2.12658
shift_multi,148,4,21,0,0.231242,0.0779542,0.0712389,0.0741456,0,0.0139936,0.0199351,2.12658
shift_multi,149,4,18,0.201156,0.232432,0.0794398,0.0737077,0.073888,0,0.217165,0.183687,4.75255
shift_multi,149,4,19,0,0.231977,0.0781221,0.0714714,0.0740018,0,0.18068,0,4.75255
shift_multi,149,4,20,0,0.2314,0.0780917,0.0713764,0.0741006,0,0.115006,0,4.75255
shift_multi,149,4,21,0,0.231344,0.0779408,0.0712082,0.0741456,0,0.144898,0,4.75255
